{
    "counter": {
        "ACTIVE": 16322,
        "INACTIVE": 4677,
        "INVALID": 1,
        "MALICIOUS": 0,
        "SANE": 0,
        "VALID": 0,
        "total": 21000
    },
    "percentage": {
        "ACTIVE": 77.72380952380952,
        "INACTIVE": 22.27248916615077,
        "INVALID": 0.005652591713300548,
        "MALICIOUS": 0,
        "SANE": 0,
        "VALID": 0,
        "total": 100.0019512816736
    }
}