{
    "counter": {
        "ACTIVE": 19322,
        "INACTIVE": 1678,
        "INVALID": 0,
        "MALICIOUS": 0,
        "SANE": 0,
        "VALID": 0,
        "total": 21000
    },
    "percentage": {
        "ACTIVE": 92.00952380952381,
        "INACTIVE": 8.00038142462096,
        "INVALID": 0,
        "MALICIOUS": 0,
        "SANE": 0,
        "VALID": 0,
        "total": 100.00990523414477
    }
}