{
    "counter": {
        "ACTIVE": 19577,
        "INACTIVE": 1423,
        "INVALID": 0,
        "MALICIOUS": 0,
        "SANE": 0,
        "VALID": 0,
        "total": 21000
    },
    "percentage": {
        "ACTIVE": 93.22380952380952,
        "INACTIVE": 6.784590445313245,
        "INVALID": 0,
        "MALICIOUS": 0,
        "SANE": 0,
        "VALID": 0,
        "total": 100.00839996912276
    }
}