{
    "counter": {
        "ACTIVE": 19926,
        "INACTIVE": 1074,
        "INVALID": 0,
        "MALICIOUS": 0,
        "SANE": 0,
        "VALID": 0,
        "total": 21000
    },
    "percentage": {
        "ACTIVE": 94.88571428571429,
        "INACTIVE": 5.122090805036246,
        "INVALID": 0,
        "MALICIOUS": 0,
        "SANE": 0,
        "VALID": 0,
        "total": 100.00780509075054
    }
}