{
    "counter": {
        "ACTIVE": 19146,
        "INACTIVE": 1854,
        "INVALID": 0,
        "MALICIOUS": 0,
        "SANE": 0,
        "VALID": 0,
        "total": 21000
    },
    "percentage": {
        "ACTIVE": 91.17142857142858,
        "INACTIVE": 8.839515590731382,
        "INVALID": 0,
        "MALICIOUS": 0,
        "SANE": 0,
        "VALID": 0,
        "total": 100.01094416215996
    }
}