{
    "counter": {
        "ACTIVE": 18790,
        "INACTIVE": 2210,
        "INVALID": 0,
        "MALICIOUS": 0,
        "SANE": 0,
        "VALID": 0,
        "total": 21000
    },
    "percentage": {
        "ACTIVE": 89.47619047619048,
        "INACTIVE": 10.526315789473685,
        "INVALID": 0,
        "MALICIOUS": 0,
        "SANE": 0,
        "VALID": 0,
        "total": 100.00250626566417
    }
}