{
    "counter": {
        "ACTIVE": 18888,
        "INACTIVE": 2112,
        "INVALID": 0,
        "MALICIOUS": 0,
        "SANE": 0,
        "VALID": 0,
        "total": 21000
    },
    "percentage": {
        "ACTIVE": 89.94285714285714,
        "INACTIVE": 10.059537985234579,
        "INVALID": 0,
        "MALICIOUS": 0,
        "SANE": 0,
        "VALID": 0,
        "total": 100.00239512809172
    }
}