{
    "counter": {
        "ACTIVE": 19042,
        "INACTIVE": 1958,
        "INVALID": 0,
        "MALICIOUS": 0,
        "SANE": 0,
        "VALID": 0,
        "total": 21000
    },
    "percentage": {
        "ACTIVE": 90.67619047619047,
        "INACTIVE": 9.326030007144558,
        "INVALID": 0,
        "MALICIOUS": 0,
        "SANE": 0,
        "VALID": 0,
        "total": 100.00222048333502
    }
}