{
    "counter": {
        "ACTIVE": 17138,
        "INACTIVE": 3862,
        "INVALID": 0,
        "MALICIOUS": 0,
        "SANE": 0,
        "VALID": 0,
        "total": 21000
    },
    "percentage": {
        "ACTIVE": 81.60952380952381,
        "INACTIVE": 18.395732113937317,
        "INVALID": 0,
        "MALICIOUS": 0,
        "SANE": 0,
        "VALID": 0,
        "total": 100.00525592346112
    }
}